raw.title,raw.e_ts
Sprint Corporation: Filing of certain prospectuses and communications in connection with business combination ...,2018-08-06T21:44:57.000Z
T-Mobile cuts prices as it tries to convince regulators Sprint deal won&apos;t hurt poor customers,2018-08-06T21:41:53.000Z
Sprint Corporation (S) Moves Higher on Volume Spike for August 06,2018-08-06T21:30:06.000Z
"Why Facebook, Sprint, and Berkshire Hathaway Jumped Today",2018-08-06T20:29:00.000Z
Sprint Corporation (S) is at $5.62 per share and NCR Corporation (NCR) is listed at $27.92,2018-08-06T20:18:29.000Z
5 Top Stock Trades for Tuesday — Buy Snap Ahead of Earnings?,2018-08-06T19:53:00.000Z
"Sprint, T-Mobile in early stages of regulatory review, no decisions yet - source",2018-08-06T19:34:48.000Z
Why Sprint Corp. Stock Jumped Today,2018-08-06T19:26:00.000Z
Report: DOJ thinks three carriers might be enough after Sprint/T-Mobile merger,2018-08-06T19:25:16.000Z
Most Volatile Stock of Friday: Sprint Corporation (S),2018-08-06T19:09:00.000Z
"Primed to Move up: Robert Half International Inc. (RHI), Sprint Corporation (S)",2018-08-06T18:43:00.000Z
"Primed to Move up: Robert Half International Inc. (RHI), Sprint Corporation (S)",2018-08-06T18:43:00.000Z
Is Alibaba Looking to Create Something Like Amazon Go?,2018-08-06T18:10:03.000Z
Sprint Corporation (S) Ups & Downs Facts After Critical Volatility and volume Analysis,2018-08-06T17:49:27.000Z
Analysts: Sprint/T-Mobile merger approval remains a coin toss,2018-08-06T17:48:46.000Z
T-Mobile back to price competition in 'unlimited',2018-08-06T17:38:31.000Z
T-Mobile back to price competition in 'unlimited',2018-08-06T17:38:31.000Z
T-Mobile back to price competition in 'unlimited',2018-08-06T17:38:31.000Z
"T-Mobile-Sprint, Pepsi CEO Departs, Jamie Dimon&apos;s Latest Wisdom, & More | Free Lunch",2018-08-06T17:30:05.000Z
"Sprint, T-Mobile Merger Looks More Likely As DOJ Calls For Just 3 Leading 5G Carriers",2018-08-06T17:14:00.000Z
"Sprint, T-Mobile Merger Looks More Likely As DOJ Calls For Just 3 Leading 5G Carriers",2018-08-06T17:14:00.000Z
"News Analysis Report: Sprint Corporation, (NYSE: S)",2018-08-06T16:57:20.000Z
"News Analysis Report: Sprint Corporation, (NYSE: S)",2018-08-06T16:57:20.000Z
"Surveying Shares of Occidental Petroleum Corporation (NYSE:OXY), Sprint Corporation (NYSE:S): Valuation Report",2018-08-06T16:47:03.000Z
"Surveying Shares of Occidental Petroleum Corporation (NYSE:OXY), Sprint Corporation (NYSE:S): Valuation Report",2018-08-06T16:47:03.000Z
44 Stocks Moving In Monday's Mid-Day Session,2018-08-06T16:39:00.000Z
Hot Stock Spotlight: Sprint Corporation (S),2018-08-06T16:30:38.000Z
"Worth Comparing these two stocks: Teva Pharmaceutical Industries Limited (TEVA), Sprint Corporation (S)",2018-08-06T16:06:08.000Z
"Sprint Corporation (S) Buy, Hold or Sell? What Analysts Recommend",2018-08-06T15:54:32.000Z
"Sprint Corporation (S) Buy, Hold or Sell? What Analysts Recommend",2018-08-06T15:54:32.000Z
Hot Stock's Highlights – Sprint Corporation (NYSE:S),2018-08-06T15:27:24.000Z
Hot Stock's Highlights – Sprint Corporation (NYSE:S),2018-08-06T15:27:24.000Z
"Market Capitalization (MKT) to Watch: Sprint Corporation (NYSE:S), PACCAR Inc (NASDAQ:PCAR), Philip Morris ...",2018-08-06T14:57:00.000Z
"Market Capitalization (MKT) to Watch: Sprint Corporation (NYSE:S), PACCAR Inc (NASDAQ:PCAR), Philip Morris ...",2018-08-06T14:57:00.000Z
"Market Capitalization (MKT) to Watch: Sprint Corporation (NYSE:S), PACCAR Inc (NASDAQ:PCAR), Philip Morris ...",2018-08-06T14:57:00.000Z
T-Mobile Debuts Stripped-Down $60 Plan as It Pursues Sprint Deal,2018-08-06T14:55:58.000Z
Avg. Price Target Opinion: Sprint Corporation (S) likely to achieve $5.65 in 52-week period,2018-08-06T14:00:02.000Z
"Noteworthy Stocks: Teva Pharmaceutical Industries Limited (NYSE:TEVA), Sprint Corporation (NYSE:S)",2018-08-06T13:25:17.000Z
"Noteworthy Stocks: Teva Pharmaceutical Industries Limited (NYSE:TEVA), Sprint Corporation (NYSE:S)",2018-08-06T13:25:17.000Z
Beta factor is Very Low in this Stock: Sprint Corporation (S),2018-08-06T13:13:52.000Z
Valuable Sizzling Stock of Yesterday: Sprint Corporation (S),2018-08-06T13:07:39.000Z
Once In A Generation Dividend Hike Coming From Verizon,2018-08-06T12:59:00.000Z
Once In A Generation Dividend Hike Coming From Verizon,2018-08-06T12:59:00.000Z
Earnings per share (EPS) in the Limelight – Sprint Corporation (NYSE: S),2018-08-06T12:52:20.000Z
Earnings per share (EPS) in the Limelight – Sprint Corporation (NYSE: S),2018-08-06T12:52:20.000Z
Earnings per share (EPS) in the Limelight – Sprint Corporation (NYSE: S),2018-08-06T12:52:20.000Z
Market Traders Alert — Sprint Corporation (S),2018-08-06T12:45:55.000Z
"Another motive To buy these stock: Sprint Corporation, (NYSE: S), McDonald's Corporation, (NYSE: MCD)",2018-08-06T12:45:23.000Z
"Another motive To buy these stock: Sprint Corporation, (NYSE: S), McDonald's Corporation, (NYSE: MCD)",2018-08-06T12:45:23.000Z
"Another motive To buy these stock: Sprint Corporation, (NYSE: S), McDonald's Corporation, (NYSE: MCD)",2018-08-06T12:45:23.000Z
Sprint Corporation (S): How Do the Books Stack Up?,2018-08-06T11:22:04.000Z
Technicals and Fundamentals:: Sprint Corporation (NYSE: S),2018-08-06T11:16:28.000Z
Technicals and Fundamentals:: Sprint Corporation (NYSE: S),2018-08-06T11:16:28.000Z
Technicals and Fundamentals:: Sprint Corporation (NYSE: S),2018-08-06T11:16:28.000Z
"Watch List Stock Performance:: Bristol-Myers Squibb Company, (NYSE: BMY), Sprint Corporation, (NYSE: S)",2018-08-06T10:38:00.000Z
"Watch List Stock Performance:: Bristol-Myers Squibb Company, (NYSE: BMY), Sprint Corporation, (NYSE: S)",2018-08-06T10:38:00.000Z
"Watch List Stock Performance:: Bristol-Myers Squibb Company, (NYSE: BMY), Sprint Corporation, (NYSE: S)",2018-08-06T10:38:00.000Z
Enterprise Products Partners (EPD) Shares Rose While Payden & Rygel Has Lifted Holding by $2.37 Million; Sprint (S ...,2018-08-06T10:11:47.000Z
Enterprise Products Partners (EPD) Shares Rose While Payden & Rygel Has Lifted Holding by $2.37 Million; Sprint (S ...,2018-08-06T10:11:47.000Z
Buy AT&T: 6%+ Dividend Yield And P/E Multiple Near 20-Year Low,2018-08-06T08:01:51.000Z
Buy AT&T: 6%+ Dividend Yield And P/E Multiple Near 20-Year Low,2018-08-06T08:01:51.000Z
[$$] Telecom Companies Are Running Out of Time to Make Deals,2018-08-05T23:41:32.000Z
